,return_pct,avg_spread_bps,information_ratio,adverse_selection_rate,max_drawdown,total_volume,spread_efficiency,toxicity_rate
baseline,0.9915319734247419,63.22375,0.7871397105400362,0.29365079365079366,0.01621045470031484,399.0,0.01568290355166756,0.29365079365079366
linear_micro,1.3577255511438402,63.36482578633424,0.999369587375395,0.3224043715846995,0.016167729231393882,570.0,0.021427117242018175,0.3224043715846995
linear_adaptive,0.28515724443720636,60.0379010288497,0.5573095999692662,0.2441860465116279,0.0031914879136663676,121.0,0.004749620482238065,0.2441860465116279
profit_optimizer,1.795548829649296,55.68122068225153,1.1730099774504736,0.31313131313131315,0.01751501496266795,769.0,0.03224693725548351,0.31313131313131315
smart_threshold,0.13950435861798116,61.029712499999995,0.3516142833488923,0.3235294117647059,0.012259982475910302,49.0,0.002285843286874097,0.3235294117647059
ml_ensemble,1.1669005841746793,60.89810676843474,0.8557731505558663,0.28792569659442724,0.012312930050841192,504.0,0.019161524817377703,0.28792569659442724
