,return_pct,avg_spread_bps,information_ratio,adverse_selection_rate,max_drawdown,total_volume,spread_efficiency,toxicity_rate
baseline,0.9004283328833962,62.08125,0.8207202063273202,0.4009433962264151,0.016133592491290618,352.0,0.014504030329340924,0.4009433962264151
linear_micro,0.12709827348784675,65.63969995272694,0.2404821589695821,0.3,0.020877859487633033,46.0,0.0019363018657821663,0.3
linear_adaptive,0.2564129875819887,62.052288758334385,0.4495094545280931,0.453125,0.015266087121508233,95.0,0.004132208379623214,0.453125
profit_optimizer,3.3074061193060666,54.57579190439441,1.5276267542408444,0.3732833957553059,0.016116054609902133,1300.0,0.060602072895249305,0.3732833957553059
smart_threshold,1.0331554217087202,66.40326249999998,0.7763214431234445,0.3333333333333333,0.02804521461172949,420.0,0.01555880513715302,0.3333333333333333
ml_ensemble,1.1524226637971369,63.94541413900749,0.7166210747937289,0.38113207547169814,0.04486777435466146,444.0,0.018021975137919154,0.38113207547169814
