,return_pct,avg_spread_bps,information_ratio,adverse_selection_rate,max_drawdown,total_volume,spread_efficiency,toxicity_rate
baseline,1.1439042038321245,60.81875,1.0217620489870276,0.30448717948717946,0.009001428758602298,468.0,0.018808413586798883,0.30448717948717946
linear_micro,0.6014601355542437,69.89328779209937,0.5511588240477421,0.3116883116883117,0.04909109447927538,239.0,0.008605406249357064,0.3116883116883117
linear_adaptive,0.1970559452543874,61.91327696321879,0.39948281159757426,0.3384615384615385,0.02518816790387945,102.0,0.003182773629821818,0.3384615384615385
profit_optimizer,1.3165347954847029,55.912846209876825,0.9743853783379729,0.3035230352303523,0.01780971382769561,581.0,0.023546195279397907,0.3035230352303523
smart_threshold,0.166380126699317,63.0928,0.316307980038196,0.35555555555555557,0.031476777974022714,68.0,0.0026370699461636987,0.35555555555555557
ml_ensemble,1.7743667876667368,59.350228432166915,1.1534002868264772,0.34801762114537443,0.012318685783479014,743.0,0.02989654521203253,0.34801762114537443
