,return_pct,avg_spread_bps,sharpe_ratio,adverse_selection_rate,max_drawdown,total_volume,spread_efficiency,toxicity_rate
baseline,1.4290396941434302,60.495,0.324481036439322,0.0,0.017450775748465874,595.0,0.02362244308031127,0.005390835579514825
linear_micro,0.7495668633273667,75.04125120456013,0.19239804766270657,0.0,0.03501418641728807,304.0,0.00998873088195279,0.0
linear_adaptive,0.5403740038964377,62.47114333490803,0.1805094812310622,0.0,0.026158795148634634,225.0,0.008649977814548562,0.0
profit_optimizer,2.067049370300378,56.85136744285256,0.37987703664372285,0.0,0.012354245139584098,914.0,0.03635883292302849,0.007067137809187279
smart_threshold,0.3794418837915092,69.703775,0.1225537286422753,0.0,0.03834064605297891,152.0,0.005443634635161571,0.0
ml_ensemble,0.8605401306475358,57.671016090142345,0.27250647834437014,0.0,0.004548159542058453,376.0,0.014921535790222137,0.008438818565400843
