,return_pct,avg_spread_bps,information_ratio,adverse_selection_rate,max_drawdown,total_volume,spread_efficiency,toxicity_rate
baseline,0.08954284217734809,57.500625,0.27395429128997406,0.36363636363636365,0.006835803122026155,36.0,0.001557249893846338,0.36363636363636365
linear_micro,0.06448911825671644,60.47302499999999,0.1602635323091881,0.5,0.018811507370646574,28.0,0.0010664113173884794,0.5
linear_adaptive,0.4573847524115937,58.417192500000006,0.5985022435228309,0.3474576271186441,0.019093925877243394,200.0,0.007829625711841487,0.3474576271186441
profit_optimizer,1.1371970969433765,54.23308874999999,0.9960139476876066,0.3354632587859425,0.007942654007375271,505.0,0.020968695000676624,0.3354632587859425
smart_threshold,2.130341307351924,54.24575,1.2409597718009022,0.37649063032367974,0.014618817584210794,945.0,0.0392720408023103,0.37649063032367974
ml_ensemble,1.7932481556790947,56.2258126700985,1.154823242497387,0.3645621181262729,0.011847649574838857,797.0,0.03189368139862856,0.3645621181262729
