,return_pct,avg_spread_bps,information_ratio,adverse_selection_rate,max_drawdown,total_volume,spread_efficiency,toxicity_rate
baseline,0.974244463204732,59.804375,0.9178638409361267,0.2950191570881226,0.011058519611905366,403.0,0.016290521608239062,0.2950191570881226
linear_micro,0.7282951225683565,66.38459284932932,0.7040753300723913,0.29896907216494845,0.018884499007353277,308.0,0.010970845663260167,0.29896907216494845
linear_adaptive,0.6210932242259659,70.38994562023697,0.3569692298040243,0.3312883435582822,0.051715303587643736,258.0,0.008823607104015191,0.3312883435582822
profit_optimizer,1.5455518095343512,55.490077633342224,0.959659001172835,0.2937219730941704,0.0182765524320168,714.0,0.02785275990685726,0.2937219730941704
smart_threshold,0.6054387516670534,66.42965,0.46076659274965925,0.36809815950920244,0.06594371079822921,259.0,0.009113983765789124,0.36809815950920244
ml_ensemble,0.8712184881101148,61.0174509480246,0.7867283805210968,0.3117408906882591,0.01199400584353951,382.0,0.014278185577634654,0.3117408906882591
