,return_pct,avg_spread_bps,information_ratio,adverse_selection_rate,max_drawdown,total_volume,spread_efficiency,toxicity_rate
baseline,1.4128756362077555,65.203125,0.9921750224650107,0.4191780821917808,0.01489584306344855,594.0,0.021668833145769555,0.4191780821917808
linear_micro,0.13758817254263533,61.11713980141156,0.3315269886163985,0.42424242424242425,0.016226023289404402,52.0,0.0022512207375819902,0.42424242424242425
linear_adaptive,0.13847395925674633,61.08141303386533,0.35258708484614876,0.4,0.008738352798194859,60.0,0.0022670392248452455,0.4
profit_optimizer,1.5039448044477988,54.614480629493016,1.0122073748385991,0.32914572864321606,0.021093249968444368,642.0,0.027537473342475322,0.32914572864321606
smart_threshold,0.5262805747227484,65.405675,0.5876755243400775,0.36619718309859156,0.022329018358430316,226.0,0.008046405372664503,0.36619718309859156
ml_ensemble,1.6396124070694018,61.423282103499034,1.121168083962539,0.3148558758314856,0.025376180069253584,711.0,0.026693663231909904,0.3148558758314856
