,return_pct,avg_spread_bps,information_ratio,adverse_selection_rate,max_drawdown,total_volume,spread_efficiency,toxicity_rate
baseline,0.5024884103235427,62.12625,0.6608560015051101,0.38028169014084506,0.01787688950326461,216.0,0.008088181892896203,0.38028169014084506
linear_micro,0.4316462444289293,58.741912500000005,0.5127999783505891,0.4186046511627907,0.013185047437064536,214.0,0.007348181665500409,0.4186046511627907
linear_adaptive,0.8736863284896756,57.773275000000005,0.8357923575436564,0.3512396694214876,0.006527362795830324,401.0,0.0151226726975349,0.3512396694214876
profit_optimizer,0.9077045300477593,55.00270350000001,0.8053892776747871,0.3466135458167331,0.019930093884637123,402.0,0.016502907535222502,0.3466135458167331
smart_threshold,1.3469729911397055,53.00575,0.9938246672014998,0.3438395415472779,0.015538087926817731,567.0,0.025411827794903488,0.3438395415472779
ml_ensemble,0.9606871935134098,55.31838871136832,0.8757904836973581,0.29431438127090304,0.009171683864117423,461.0,0.017366507157790402,0.29431438127090304
