,return_pct,avg_spread_bps,information_ratio,adverse_selection_rate,max_drawdown,total_volume,spread_efficiency,toxicity_rate
baseline,0.304447168322719,77.7375,0.3735477425198156,0.3287671232876712,0.029560747275540488,114.0,0.0039163488448010165,0.3287671232876712
linear_micro,0.5385445242173548,59.59455,0.6909154019497008,0.32903225806451614,0.011303562672927942,246.0,0.009036808302392665,0.32903225806451614
linear_adaptive,0.6849530951651639,66.52614506,0.5932519618196126,0.3670212765957447,0.030270568097047548,314.0,0.010295998581420943,0.3670212765957447
profit_optimizer,1.2472739778731645,55.28169199999999,1.0525261382846678,0.3324324324324324,0.015326025127826185,578.0,0.022562152726316058,0.3324324324324324
smart_threshold,1.927916171069799,57.77275,1.235133117697693,0.3621621621621622,0.017923367186628802,902.0,0.03337068377513272,0.3621621621621622
ml_ensemble,0.7604093644051568,55.613535720212205,0.7144647734553453,0.3211009174311927,0.013432406339094132,347.0,0.013673098726013806,0.3211009174311927
