,return_pct,avg_spread_bps,sharpe_ratio,adverse_selection_rate,max_drawdown,total_volume,spread_efficiency,toxicity_rate
baseline,0.7572100043391039,68.794375,0.2442232537324712,0.0,0.016182363971255855,309.0,0.0110068592721295,0.0
linear_micro,0.12329825931978178,62.73684780621411,0.08559700717178353,0.0,0.019667851427605892,44.0,0.0019653244246608296,0.0
linear_adaptive,0.3109948628666537,62.44533510320497,0.1528978515860361,0.0,0.012519292699608733,126.0,0.004980273744270324,0.05128205128205128
profit_optimizer,2.2667591600757486,58.467133847068226,0.4011315588585577,0.0,0.013825499337669233,1035.0,0.03876980126997303,0.0
smart_threshold,1.2762444392131922,68.810475,0.30037938915166046,0.0,0.01994982141816416,534.0,0.018547240652141875,0.0
ml_ensemble,0.36682104913901004,59.602876713120224,0.18987047814163385,0.0,0.021454309527230427,149.0,0.00615441853426955,0.0
