,return_pct,avg_spread_bps,information_ratio,adverse_selection_rate,max_drawdown,total_volume,spread_efficiency,toxicity_rate
baseline,1.1966602916488878,70.865,0.7708297285255491,0.3627450980392157,0.05544614657921644,490.0,0.016886478397641826,0.3627450980392157
linear_micro,1.2797050627017192,98.63485968319779,0.38912041993957,0.3942652329749104,0.20169419024151958,454.0,0.012974166200590378,0.3942652329749104
linear_adaptive,0.06526405151290327,62.47367566091537,0.15330187127621628,0.5263157894736842,0.022423480940676588,32.0,0.0010446648259841962,0.5263157894736842
profit_optimizer,2.034993599082746,55.41651120068305,1.2638123774079209,0.3064516129032258,0.016894025118797864,885.0,0.03672179202536416,0.3064516129032258
smart_threshold,0.5382435493527238,64.841375,0.5515055514514712,0.421875,0.030137423007262926,206.0,0.008300927445673751,0.421875
ml_ensemble,1.6195632521672554,62.05047024755694,1.037473725861865,0.3395348837209302,0.01564579368596734,687.0,0.02610074098884079,0.3395348837209302
