Algorithm,Runs,Mean_Return_%,Std_Return_%,Return_CI_Lower,Return_CI_Upper,Mean_Spread_bps,Std_Spread_bps,Mean_Information,Std_Information,Mean_Adverse_Selection_%,Std_Adverse_Selection_%,Mean_Max_Drawdown_%,Std_Max_Drawdown_%,Mean_Spread_Efficiency,Std_Spread_Efficiency,Mean_Volume,Std_Volume,Mean_Toxicity_Rate_%,Std_Toxicity_Rate_%
BASELINE,10,1.323562218796135,0.5002981993629023,0.7197726003822108,2.231569358951945,63.813437500000006,5.889568434754474,0.9923683172162591,0.19168299837625166,33.60167511379309,3.757766000267097,0.020694154581821497,0.018991477334761083,0.02088197300907393,0.008346075254641932,536.7,195.2398780987122,33.60167511379309,3.757766000267097
LINEAR_MICRO,10,0.4366312009352735,0.2759062233519748,0.07206649351078176,0.800751242460031,68.50559272676199,8.512684812695515,0.4685311403560563,0.19562912950953412,32.458324834045186,6.89999588367395,0.029083486454327408,0.02339322733117899,0.0062520982604916744,0.003927936591253268,182.6,117.19829350293459,32.458324834045186,6.89999588367395
LINEAR_ADAPTIVE,10,0.4326294871418357,0.3139363934216064,0.025706972464603628,0.894593053137871,62.50575228998326,2.8155645527256064,0.4752017927520867,0.23111607151272193,29.80943063226775,10.487702366334291,0.015374550082544106,0.013420136633653951,0.006882998840289425,0.00504393271602419,183.8,134.86126204362765,29.80943063226775,10.487702366334291
PROFIT_OPTIMIZER,10,1.5698575256877123,0.4132977678338748,0.8468923234544373,2.2729329660751696,55.42969724321422,0.5260654655613265,1.0215306766512402,0.162833177408622,32.940065595666596,2.19342135114219,0.01856158500953986,0.0033087716865580568,0.028322810605257147,0.007469709706478704,671.8,162.9434257648955,32.940065595666596,2.19342135114219
SMART_THRESHOLD,10,0.5010597892467783,0.2869171887289757,0.08951426303447751,1.015384907228425,63.92408375,2.3583028453480197,0.5488004432113891,0.1873616840689205,35.87236983609137,2.6889679769430503,0.02430537145607741,0.016551952299867605,0.007705221108944458,0.004223055139175332,210.8,118.03457120691378,35.87236983609137,2.6889679769430503
ML_ENSEMBLE,10,1.3682268743046921,0.465439352344467,0.5098874282462906,1.882270902758237,61.31955761895084,2.0853942292792755,0.9735616812215792,0.19397630417316808,33.737685254799075,3.4354694896345426,0.016121525363130166,0.005914419450007194,0.022291577790752318,0.007608248097170382,582.2,197.73254663812935,33.737685254799075,3.4354694896345426
